email,password
loadtest_user01@example.com,LoadTest!01
loadtest_user02@example.com,LoadTest!02
loadtest_user03@example.com,LoadTest!03
loadtest_user04@example.com,LoadTest!04
loadtest_user05@example.com,LoadTest!05
loadtest_user06@example.com,LoadTest!06
loadtest_user07@example.com,LoadTest!07
loadtest_user08@example.com,LoadTest!08
loadtest_user09@example.com,LoadTest!09
loadtest_user10@example.com,LoadTest!10
loadtest_user11@example.com,LoadTest!11
loadtest_user12@example.com,LoadTest!12
loadtest_user13@example.com,LoadTest!13
loadtest_user14@example.com,LoadTest!14
loadtest_user15@example.com,LoadTest!15
loadtest_user16@example.com,LoadTest!16
loadtest_user17@example.com,LoadTest!17
loadtest_user18@example.com,LoadTest!18
loadtest_user19@example.com,LoadTest!19
loadtest_user20@example.com,LoadTest!20